<?xml version="1.0" encoding="UTF-8"?>

<!DOCTYPE configuration
        PUBLIC "-//mybatis.org//DTD Config 3.0//EN"
        "http://mybatis.org/dtd/mybatis-3-config.dtd">

<configuration>

    <properties resource="db.properties"></properties>

    <typeAliases>
        <package name="com.itheima.pojo"/>
    </typeAliases>

    <environments default="development">
        <environment id="development">
            <transactionManager type="JDBC"></transactionManager>
            <dataSource type="POOLED">
                <property name="driver" value="${mysql.driver}"/>
                <property name="url" value="${mysql.url}"/>
                <property name="username" value="${mysql.username}"/>
                <property name="password" value="${mysql.password}"/>
            </dataSource>
        </environment>
    </environments>

    <mappers>
        <mapper resource="Mapper/StudentMapper.xml"></mapper>
        <mapper resource="Mapper/ClassMapper.xml"></mapper>
        <mapper class="com.itheima.dao.StudentMapper"/>
        <mapper class="com.itheima.dao.ClassMapper"/>
    </mappers>
</configuration>