<?xml version="1.0" encoding="UTF-8"?>

<!DOCTYPE mapper
        PUBLIC "-//mybatis.org//DTD Mapper 3.0//EN"
        "http://mybatis.org/dtd/mybatis-3-mapper.dtd">

<mapper namespace="com.itheima.pojo.CClass">
    <select id="findStudentByclassname" parameterType="String" resultMap="StudentWithClassResult">
        	SELECT c.*,s.id as sid,s.name as sname,s.age as sage,s.cid as scid
	        from s_student s,c_class c
	        where c.id=s.cid
	            and classname=#{classname}
    </select>
    <resultMap id="StudentWithClassResult" type="CClass">
        <id property="id" column="id"/>
        <result property="classname" column="classname"/>
        <collection property="studentList" ofType="Student" >
            <id property="id" column="sid"/>
            <result property="name" column="sname"/>
            <result property="age" column="sage"/>
            <result property="cid" column="scid"/>
        </collection>
    </resultMap>
</mapper>